{"cameraMode":{"drawMode":0,"name":"Shaded","section":"Shading Mode"},"sceneLighting":false,"audioPlay":false,"sceneViewState":{"showFog":true,"showMaterialUpdate":false,"showSkybox":true,"showFlares":true,"showImageEffects":true,"showParticleSystems":true},"in2DMode":false,"pivot":{"x":-36.69527816772461,"y":9.907245635986329,"z":6.064748764038086},"rotation":{"x":-0.04209951311349869,"y":0.9404230713844299,"z":-0.31451770663261416,"w":-0.12453638762235642},"size":24.19598388671875,"orthographic":false}