{"cameraMode":{"drawMode":0,"name":"Shaded","section":"Shading Mode"},"sceneLighting":false,"audioPlay":false,"sceneViewState":{"showFog":true,"showMaterialUpdate":true,"showSkybox":false,"showFlares":true,"showImageEffects":true,"showParticleSystems":true},"in2DMode":false,"pivot":{"x":-88.63202667236328,"y":9.759483337402344,"z":-12.280609130859375},"rotation":{"x":0.39707744121551516,"y":0.009937346912920475,"z":-0.004203437827527523,"w":0.9178372025489807},"size":1.1057395935058594,"orthographic":false}