{"cameraMode":{"drawMode":0,"name":"Shaded","section":"Shading Mode"},"sceneLighting":false,"audioPlay":false,"sceneViewState":{"showFog":true,"showMaterialUpdate":false,"showSkybox":false,"showFlares":true,"showImageEffects":true,"showParticleSystems":true},"in2DMode":false,"pivot":{"x":-16.29265785217285,"y":-7.7178754806518559,"z":2.815676212310791},"rotation":{"x":0.2898583710193634,"y":-0.5850968360900879,"z":0.23561008274555207,"w":0.7198469042778015},"size":16.369564056396486,"orthographic":false}