{"cameraMode":{"drawMode":0,"name":"Shaded","section":"Shading Mode"},"sceneLighting":false,"audioPlay":false,"sceneViewState":{"showFog":true,"showMaterialUpdate":true,"showSkybox":false,"showFlares":true,"showImageEffects":true,"showParticleSystems":true},"in2DMode":false,"pivot":{"x":-88.2454833984375,"y":10.01086711883545,"z":-12.864313125610352},"rotation":{"x":0.13675542175769807,"y":-0.7387797832489014,"z":0.15775911509990693,"w":0.640945553779602},"size":1.4057395458221436,"orthographic":false}