{"cameraMode":{"drawMode":0,"name":"Shaded","section":"Shading Mode"},"sceneLighting":false,"audioPlay":false,"sceneViewState":{"showFog":true,"showMaterialUpdate":true,"showSkybox":false,"showFlares":true,"showImageEffects":true,"showParticleSystems":true},"in2DMode":false,"pivot":{"x":-0.03472089767456055,"y":0.38714027404785159,"z":-0.031037986278533937},"rotation":{"x":-0.15567754209041596,"y":0.008004489354789257,"z":-0.0012459591962397099,"w":-0.9878353476524353},"size":0.7253326773643494,"orthographic":false}