{"cameraMode":{"drawMode":0,"name":"Shaded","section":"Shading Mode"},"sceneLighting":false,"audioPlay":false,"sceneViewState":{"showFog":true,"showMaterialUpdate":false,"showSkybox":false,"showFlares":true,"showImageEffects":true,"showParticleSystems":true},"in2DMode":false,"pivot":{"x":0.012248516082763672,"y":1.5491111278533936,"z":0.3803830146789551},"rotation":{"x":-0.10446794331073761,"y":0.3988344967365265,"z":-0.045790258795022967,"w":-0.909919023513794},"size":4.360141754150391,"orthographic":false}