{"cameraMode":{"drawMode":0,"name":"Shaded","section":"Shading Mode"},"sceneLighting":false,"audioPlay":false,"sceneViewState":{"showFog":true,"showMaterialUpdate":false,"showSkybox":false,"showFlares":true,"showImageEffects":true,"showParticleSystems":true},"in2DMode":false,"pivot":{"x":-1.1644136905670167,"y":7.035642623901367,"z":-1.1198276281356812},"rotation":{"x":-0.195872962474823,"y":0.773077130317688,"z":-0.2846613824367523,"w":-0.5319606065750122},"size":7.759607315063477,"orthographic":false}