{"cameraMode":{"drawMode":0,"name":"Shaded","section":"Shading Mode"},"sceneLighting":false,"audioPlay":false,"sceneViewState":{"showFog":true,"showMaterialUpdate":false,"showSkybox":false,"showFlares":true,"showImageEffects":true,"showParticleSystems":true},"in2DMode":false,"pivot":{"x":-17.049837112426759,"y":-9.286654472351075,"z":3.5307955741882326},"rotation":{"x":-0.17175258696079255,"y":0.7428190112113953,"z":-0.20823268592357636,"w":-0.6127002239227295},"size":24.754444122314454,"orthographic":false}