{"cameraMode":{"drawMode":0,"name":"Shaded","section":"Shading Mode"},"sceneLighting":false,"audioPlay":false,"sceneViewState":{"showFog":true,"showMaterialUpdate":false,"showSkybox":true,"showFlares":true,"showImageEffects":true,"showParticleSystems":true},"in2DMode":false,"pivot":{"x":-23.524290084838868,"y":15.793152809143067,"z":-0.4424304962158203},"rotation":{"x":-0.1775771528482437,"y":0.6983804702758789,"z":-0.18564210832118989,"w":-0.6680426001548767},"size":3.6905298233032228,"orthographic":false}