{"cameraMode":{"drawMode":0,"name":"Shaded","section":"Shading Mode"},"sceneLighting":false,"audioPlay":false,"sceneViewState":{"showFog":true,"showMaterialUpdate":false,"showSkybox":false,"showFlares":true,"showImageEffects":true,"showParticleSystems":true},"in2DMode":false,"pivot":{"x":0.020844247192144395,"y":3.302319288253784,"z":-1.258474588394165},"rotation":{"x":0.014411937445402146,"y":0.96268630027771,"z":-0.26519790291786196,"w":0.05232713744044304},"size":7.745621681213379,"orthographic":false}