{"cameraMode":{"drawMode":0,"name":"Shaded","section":"Shading Mode"},"sceneLighting":false,"audioPlay":false,"sceneViewState":{"showFog":true,"showMaterialUpdate":true,"showSkybox":false,"showFlares":true,"showImageEffects":true,"showParticleSystems":true},"in2DMode":false,"pivot":{"x":-15.00000286102295,"y":5.243228912353516,"z":6.249998569488525},"rotation":{"x":-0.19011002779006959,"y":0.805754542350769,"z":-0.3486466705799103,"w":-0.4396836459636688},"size":17.593570709228517,"orthographic":false}