{"cameraMode":{"drawMode":0,"name":"Shaded","section":"Shading Mode"},"sceneLighting":false,"audioPlay":false,"sceneViewState":{"showFog":true,"showMaterialUpdate":false,"showSkybox":false,"showFlares":true,"showImageEffects":true,"showParticleSystems":true},"in2DMode":false,"pivot":{"x":-2.4487435817718508,"y":-0.7463467717170715,"z":-3.994473457336426},"rotation":{"x":-0.0354900099337101,"y":0.9615424275398254,"z":-0.15005464851856233,"w":-0.22736914455890656},"size":11.77156925201416,"orthographic":false}