{"cameraMode":{"drawMode":0,"name":"Shaded","section":"Shading Mode"},"sceneLighting":false,"audioPlay":false,"sceneViewState":{"showFog":true,"showMaterialUpdate":false,"showSkybox":false,"showFlares":true,"showImageEffects":true,"showParticleSystems":true},"in2DMode":false,"pivot":{"x":12.038000106811524,"y":12.359999656677246,"z":-1.4730000495910645},"rotation":{"x":0.08394289761781693,"y":0.8618823885917664,"z":-0.15182752907276154,"w":0.47728878259658816},"size":0.061237234622240069,"orthographic":false}