{"cameraMode":{"drawMode":0,"name":"Shaded","section":"Shading Mode"},"sceneLighting":false,"audioPlay":false,"sceneViewState":{"showFog":true,"showMaterialUpdate":false,"showSkybox":false,"showFlares":true,"showImageEffects":true,"showParticleSystems":true},"in2DMode":false,"pivot":{"x":-14.097230911254883,"y":-6.602463722229004,"z":-171.77857971191407},"rotation":{"x":-0.1580076515674591,"y":0.08785245567560196,"z":-0.014115315861999989,"w":-0.983422040939331},"size":10.0,"orthographic":false}