{"cameraMode":{"drawMode":0,"name":"Shaded","section":"Shading Mode"},"sceneLighting":false,"audioPlay":false,"sceneViewState":{"showFog":true,"showMaterialUpdate":false,"showSkybox":false,"showFlares":true,"showImageEffects":true,"showParticleSystems":true},"in2DMode":false,"pivot":{"x":-0.05077902227640152,"y":2.5275931358337404,"z":0.47400951385498049},"rotation":{"x":0.00045384606346488,"y":0.9675943851470947,"z":-0.2525472939014435,"w":0.0017428796272724867},"size":4.330615520477295,"orthographic":false}