{"cameraMode":{"drawMode":0,"name":"Shaded","section":"Shading Mode"},"sceneLighting":false,"audioPlay":false,"sceneViewState":{"showFog":true,"showMaterialUpdate":false,"showSkybox":false,"showFlares":true,"showImageEffects":true,"showParticleSystems":true},"in2DMode":false,"pivot":{"x":-0.000852443277835846,"y":-0.004827054217457771,"z":0.0},"rotation":{"x":-0.093277707695961,"y":0.9065149426460266,"z":-0.2702102065086365,"w":-0.3117098808288574},"size":0.15087665617465974,"orthographic":false}