{"cameraMode":{"drawMode":0,"name":"Shaded","section":"Shading Mode"},"sceneLighting":false,"audioPlay":false,"sceneViewState":{"showFog":true,"showMaterialUpdate":true,"showSkybox":false,"showFlares":true,"showImageEffects":true,"showParticleSystems":true},"in2DMode":false,"pivot":{"x":0.034528493881225589,"y":0.360275000333786,"z":5.21540641784668e-7},"rotation":{"x":-0.17797794938087464,"y":0.12129723280668259,"z":-0.022098027169704438,"w":-0.976343035697937},"size":0.45971572399139407,"orthographic":false}