{"cameraMode":{"drawMode":0,"name":"Shaded","section":"Shading Mode"},"sceneLighting":false,"audioPlay":false,"sceneViewState":{"showFog":true,"showMaterialUpdate":false,"showSkybox":false,"showFlares":true,"showImageEffects":true,"showParticleSystems":true},"in2DMode":false,"pivot":{"x":348.49212646484377,"y":295.875732421875,"z":-111.6197509765625},"rotation":{"x":-0.32099419832229617,"y":0.24934177100658418,"z":-0.08801266551017761,"w":-0.9094400405883789},"size":1240.856201171875,"orthographic":false}