{"cameraMode":{"drawMode":0,"name":"Shaded","section":"Shading Mode"},"sceneLighting":false,"audioPlay":false,"sceneViewState":{"showFog":true,"showMaterialUpdate":false,"showSkybox":false,"showFlares":true,"showImageEffects":true,"showParticleSystems":true},"in2DMode":false,"pivot":{"x":-3.6317977905273439,"y":6.9724931716918949,"z":3.982341766357422},"rotation":{"x":-0.00908368919044733,"y":0.5426390767097473,"z":-0.00585936289280653,"w":-0.83992600440979},"size":11.116472244262696,"orthographic":false}