{"cameraMode":{"drawMode":0,"name":"Shaded","section":"Shading Mode"},"sceneLighting":false,"audioPlay":false,"sceneViewState":{"showFog":true,"showMaterialUpdate":false,"showSkybox":false,"showFlares":true,"showImageEffects":true,"showParticleSystems":true},"in2DMode":false,"pivot":{"x":6.690182685852051,"y":-5.288360595703125,"z":-12.655004501342774},"rotation":{"x":0.07751958072185517,"y":0.9125691056251526,"z":-0.3453812599182129,"w":0.20483756065368653},"size":16.23360824584961,"orthographic":false}