{"cameraMode":{"drawMode":0,"name":"Shaded","section":"Shading Mode"},"sceneLighting":false,"audioPlay":false,"sceneViewState":{"showFog":true,"showMaterialUpdate":true,"showSkybox":false,"showFlares":true,"showImageEffects":true,"showParticleSystems":true},"in2DMode":false,"pivot":{"x":0.0,"y":3.1408915519714357,"z":2.384185791015625e-7},"rotation":{"x":-0.17797794938087464,"y":0.12129723280668259,"z":-0.022098027169704438,"w":-0.976343035697937},"size":4.567826747894287,"orthographic":false}