{"cameraMode":{"drawMode":0,"name":"Shaded","section":"Shading Mode"},"sceneLighting":false,"audioPlay":false,"sceneViewState":{"showFog":true,"showMaterialUpdate":true,"showSkybox":true,"showFlares":true,"showImageEffects":true,"showParticleSystems":true},"in2DMode":false,"pivot":{"x":-49.80424499511719,"y":-168.01785278320313,"z":-121.29037475585938},"rotation":{"x":-0.09561818093061447,"y":0.8773258924484253,"z":-0.42743292450904848,"w":-0.1967369168996811},"size":123.48704528808594,"orthographic":false}