{"cameraMode":{"drawMode":0,"name":"Shaded","section":"Shading Mode"},"sceneLighting":false,"audioPlay":false,"sceneViewState":{"showFog":true,"showMaterialUpdate":false,"showSkybox":false,"showFlares":true,"showImageEffects":true,"showParticleSystems":true},"in2DMode":false,"pivot":{"x":28.22759246826172,"y":-6.320816993713379,"z":-3.119089365005493},"rotation":{"x":0.16506309807300569,"y":0.7294570803642273,"z":-0.18922121822834016,"w":0.6363064646720886},"size":20.860464096069337,"orthographic":false}