{"cameraMode":{"drawMode":0,"name":"Shaded","section":"Shading Mode"},"sceneLighting":false,"audioPlay":false,"sceneViewState":{"showFog":true,"showMaterialUpdate":false,"showSkybox":true,"showFlares":true,"showImageEffects":true,"showParticleSystems":true},"in2DMode":false,"pivot":{"x":-63.03304672241211,"y":-58.21470642089844,"z":-67.18980407714844},"rotation":{"x":0.056407440453767779,"y":-0.924044668674469,"z":0.3476946949958801,"w":0.1492430567741394},"size":72.73399353027344,"orthographic":false}