{"cameraMode":{"drawMode":0,"name":"Shaded","section":"Shading Mode"},"sceneLighting":false,"audioPlay":false,"sceneViewState":{"showFog":true,"showMaterialUpdate":false,"showSkybox":true,"showFlares":true,"showImageEffects":true,"showParticleSystems":true},"in2DMode":false,"pivot":{"x":-64.07598114013672,"y":-22.750553131103517,"z":-19.21070098876953},"rotation":{"x":0.25547441840171816,"y":-0.6136653423309326,"z":0.21935254335403443,"w":0.7142065763473511},"size":54.70490646362305,"orthographic":false}