{"cameraMode":{"drawMode":0,"name":"Shaded","section":"Shading Mode"},"sceneLighting":false,"audioPlay":false,"sceneViewState":{"showFog":true,"showMaterialUpdate":false,"showSkybox":false,"showFlares":true,"showImageEffects":true,"showParticleSystems":true},"in2DMode":false,"pivot":{"x":-1.4068365097045899,"y":1.0892176628112794,"z":-6.894890785217285},"rotation":{"x":0.08139065653085709,"y":0.9123023152351379,"z":-0.22210969030857087,"w":0.3343653082847595},"size":7.7499895095825199,"orthographic":false}