{"cameraMode":{"drawMode":0,"name":"Shaded","section":"Shading Mode"},"sceneLighting":false,"audioPlay":false,"sceneViewState":{"showFog":true,"showMaterialUpdate":true,"showSkybox":false,"showFlares":true,"showImageEffects":true,"showParticleSystems":true},"in2DMode":false,"pivot":{"x":-92.52001953125,"y":9.194742202758789,"z":-6.202442169189453},"rotation":{"x":0.3329455256462097,"y":-0.4921913743019104,"z":0.211300790309906,"w":0.7761529684066773},"size":1.8483047485351563,"orthographic":false}