{"cameraMode":{"drawMode":0,"name":"Shaded","section":"Shading Mode"},"sceneLighting":false,"audioPlay":false,"sceneViewState":{"showFog":true,"showMaterialUpdate":false,"showSkybox":false,"showFlares":true,"showImageEffects":true,"showParticleSystems":true},"in2DMode":false,"pivot":{"x":-1.2879433631896973,"y":-1.70159912109375,"z":12.422871589660645},"rotation":{"x":0.25461727380752566,"y":0.12863574922084809,"z":-0.03419624641537666,"w":0.9578672647476196},"size":11.753360748291016,"orthographic":false}