{"cameraMode":{"drawMode":0,"name":"Shaded","section":"Shading Mode"},"sceneLighting":false,"audioPlay":false,"sceneViewState":{"showFog":true,"showMaterialUpdate":true,"showSkybox":true,"showFlares":true,"showImageEffects":true,"showParticleSystems":true},"in2DMode":false,"pivot":{"x":-6.26044225692749,"y":9.832822799682618,"z":-8.166729927062989},"rotation":{"x":0.3907943069934845,"y":-0.25291499495506289,"z":0.11264057457447052,"w":0.8779377937316895},"size":11.959854125976563,"orthographic":false}