{"cameraMode":{"drawMode":0,"name":"Shaded","section":"Shading Mode"},"sceneLighting":false,"audioPlay":false,"sceneViewState":{"showFog":true,"showMaterialUpdate":true,"showSkybox":false,"showFlares":true,"showImageEffects":true,"showParticleSystems":true},"in2DMode":false,"pivot":{"x":-88.18083953857422,"y":10.16685676574707,"z":-11.613726615905762},"rotation":{"x":0.1466306447982788,"y":-0.5662065744400024,"z":0.10327685624361038,"w":0.8046361804008484},"size":1.4057395458221436,"orthographic":false}