{"cameraMode":{"drawMode":0,"name":"Shaded","section":"Shading Mode"},"sceneLighting":false,"audioPlay":false,"sceneViewState":{"showFog":true,"showMaterialUpdate":true,"showSkybox":false,"showFlares":true,"showImageEffects":true,"showParticleSystems":true},"in2DMode":false,"pivot":{"x":-92.2503662109375,"y":9.391892433166504,"z":-7.069902420043945},"rotation":{"x":0.14575861394405366,"y":-0.29461660981178286,"z":0.04558628797531128,"w":0.9434155821800232},"size":1.2483047246932984,"orthographic":false}