{"cameraMode":{"drawMode":0,"name":"Shaded","section":"Shading Mode"},"sceneLighting":false,"audioPlay":false,"sceneViewState":{"showFog":true,"showMaterialUpdate":false,"showSkybox":true,"showFlares":true,"showImageEffects":true,"showParticleSystems":true},"in2DMode":false,"pivot":{"x":-4.195080280303955,"y":12.268738746643067,"z":-4.445174217224121},"rotation":{"x":0.1899901181459427,"y":-0.6419178247451782,"z":0.16808827221393586,"w":0.7238611578941345},"size":6.732805252075195,"orthographic":false}