{"cameraMode":{"drawMode":0,"name":"Shaded","section":"Shading Mode"},"sceneLighting":false,"audioPlay":false,"sceneViewState":{"showFog":true,"showMaterialUpdate":false,"showSkybox":true,"showFlares":true,"showImageEffects":true,"showParticleSystems":true},"in2DMode":false,"pivot":{"x":-352.5907897949219,"y":-325.37725830078127,"z":414.65631103515627},"rotation":{"x":0.2601419687271118,"y":-0.30992579460144045,"z":0.0875796228647232,"w":0.911228597164154},"size":392.28656005859377,"orthographic":false}