{"cameraMode":{"drawMode":0,"name":"Shaded","section":"Shading Mode"},"sceneLighting":false,"audioPlay":false,"sceneViewState":{"showFog":true,"showMaterialUpdate":false,"showSkybox":true,"showFlares":true,"showImageEffects":true,"showParticleSystems":true},"in2DMode":false,"pivot":{"x":1.7397314310073853,"y":8.338286399841309,"z":-3.2105681896209719},"rotation":{"x":-0.14968585968017579,"y":0.7872916460037231,"z":-0.20841045677661897,"w":-0.5611280798912048},"size":3.6141750812530519,"orthographic":false}