{"cameraMode":{"drawMode":0,"name":"Shaded","section":"Shading Mode"},"sceneLighting":false,"audioPlay":false,"sceneViewState":{"showFog":true,"showMaterialUpdate":true,"showSkybox":false,"showFlares":true,"showImageEffects":true,"showParticleSystems":true},"in2DMode":false,"pivot":{"x":-0.07549238204956055,"y":3.747734308242798,"z":0.10094642639160156},"rotation":{"x":-0.25992950797080996,"y":0.1718304306268692,"z":-0.04705183580517769,"w":-0.9491185545921326},"size":6.42310905456543,"orthographic":false}