{"cameraMode":{"drawMode":0,"name":"Shaded","section":"Shading Mode"},"sceneLighting":false,"audioPlay":false,"sceneViewState":{"showFog":true,"showMaterialUpdate":false,"showSkybox":false,"showFlares":true,"showImageEffects":true,"showParticleSystems":true},"in2DMode":false,"pivot":{"x":1.0728659629821778,"y":4.794356346130371,"z":0.0},"rotation":{"x":-0.10446794331073761,"y":0.3988344967365265,"z":-0.045790258795022967,"w":-0.909919023513794},"size":16.331932067871095,"orthographic":false}