{"cameraMode":{"drawMode":0,"name":"Shaded","section":"Shading Mode"},"sceneLighting":false,"audioPlay":false,"sceneViewState":{"showFog":true,"showMaterialUpdate":true,"showSkybox":false,"showFlares":true,"showImageEffects":true,"showParticleSystems":true},"in2DMode":false,"pivot":{"x":-6.250002384185791,"y":0.928889274597168,"z":-3.7499983310699465},"rotation":{"x":-0.19011002779006959,"y":0.805754542350769,"z":-0.3486466705799103,"w":-0.4396836459636688},"size":8.05495548248291,"orthographic":false}