{"cameraMode":{"drawMode":0,"name":"Shaded","section":"Shading Mode"},"sceneLighting":false,"audioPlay":false,"sceneViewState":{"showFog":true,"showMaterialUpdate":false,"showSkybox":false,"showFlares":true,"showImageEffects":true,"showParticleSystems":true},"in2DMode":false,"pivot":{"x":9.362618446350098,"y":5.780955791473389,"z":-3.972146511077881},"rotation":{"x":0.19073989987373353,"y":0.7301393747329712,"z":-0.22612342238426209,"w":0.6159977912902832},"size":10.21657943725586,"orthographic":false}