{"cameraMode":{"drawMode":0,"name":"Shaded","section":"Shading Mode"},"sceneLighting":false,"audioPlay":false,"sceneViewState":{"showFog":true,"showMaterialUpdate":true,"showSkybox":false,"showFlares":true,"showImageEffects":true,"showParticleSystems":true},"in2DMode":false,"pivot":{"x":21.25000762939453,"y":5.243223667144775,"z":-21.2499942779541},"rotation":{"x":-0.19011002779006959,"y":0.805754542350769,"z":-0.3486466705799103,"w":-0.4396836459636688},"size":30.799291610717775,"orthographic":false}