{"cameraMode":{"drawMode":0,"name":"Shaded","section":"Shading Mode"},"sceneLighting":false,"audioPlay":false,"sceneViewState":{"showFog":true,"showMaterialUpdate":true,"showSkybox":true,"showFlares":true,"showImageEffects":true,"showParticleSystems":true},"in2DMode":false,"pivot":{"x":-9.48533821105957,"y":9.10451889038086,"z":0.2030254304409027},"rotation":{"x":0.1812058836221695,"y":0.7246352434158325,"z":-0.20780521631240846,"w":0.6317073702812195},"size":2.593899726867676,"orthographic":false}