{"cameraMode":{"drawMode":0,"name":"Shaded","section":"Shading Mode"},"sceneLighting":false,"audioPlay":false,"sceneViewState":{"showFog":true,"showMaterialUpdate":false,"showSkybox":false,"showFlares":true,"showImageEffects":true,"showParticleSystems":true},"in2DMode":false,"pivot":{"x":17.66699981689453,"y":10.244000434875489,"z":-1.1999999284744263},"rotation":{"x":-0.11665936559438706,"y":0.5787009000778198,"z":-0.08409653604030609,"w":-0.8027796745300293},"size":0.9656623005867004,"orthographic":false}