{"cameraMode":{"drawMode":0,"name":"Shaded","section":"Shading Mode"},"sceneLighting":false,"audioPlay":false,"sceneViewState":{"showFog":true,"showMaterialUpdate":false,"showSkybox":false,"showFlares":true,"showImageEffects":true,"showParticleSystems":true},"in2DMode":false,"pivot":{"x":0.000003814697265625,"y":0.06385569274425507,"z":-16.500001907348634},"rotation":{"x":-0.1402440220117569,"y":0.8564131259918213,"z":-0.3080710768699646,"w":-0.3898698091506958},"size":54.70858383178711,"orthographic":false}