{"cameraMode":{"drawMode":0,"name":"Shaded","section":"Shading Mode"},"sceneLighting":false,"audioPlay":false,"sceneViewState":{"showFog":true,"showMaterialUpdate":true,"showSkybox":true,"showFlares":true,"showImageEffects":true,"showParticleSystems":true},"in2DMode":false,"pivot":{"x":-7.970582962036133,"y":9.673681259155274,"z":-10.678287506103516},"rotation":{"x":0.06540078669786453,"y":-0.8386660218238831,"z":0.10419156402349472,"w":0.5308505296707153},"size":6.0670390129089359,"orthographic":false}