{"cameraMode":{"drawMode":0,"name":"Shaded","section":"Shading Mode"},"sceneLighting":false,"audioPlay":false,"sceneViewState":{"showFog":true,"showMaterialUpdate":false,"showSkybox":false,"showFlares":true,"showImageEffects":true,"showParticleSystems":true},"in2DMode":false,"pivot":{"x":1.6246795654296876,"y":8.072931289672852,"z":-2.297363042831421},"rotation":{"x":-0.15388602018356324,"y":0.8112592101097107,"z":-0.24590857326984406,"w":-0.5077168345451355},"size":5.782177925109863,"orthographic":false}