{"cameraMode":{"drawMode":0,"name":"Shaded","section":"Shading Mode"},"sceneLighting":false,"audioPlay":false,"sceneViewState":{"showFog":true,"showMaterialUpdate":false,"showSkybox":true,"showFlares":true,"showImageEffects":true,"showParticleSystems":true},"in2DMode":false,"pivot":{"x":-67.45162200927735,"y":-79.61904907226563,"z":-63.25792694091797},"rotation":{"x":-0.12458223104476929,"y":0.8743712306022644,"z":-0.359624445438385,"w":-0.3021062910556793},"size":85.9740982055664,"orthographic":false}