{"cameraMode":{"drawMode":0,"name":"Shaded","section":"Shading Mode"},"sceneLighting":false,"audioPlay":false,"sceneViewState":{"showFog":true,"showMaterialUpdate":false,"showSkybox":false,"showFlares":true,"showImageEffects":true,"showParticleSystems":true},"in2DMode":false,"pivot":{"x":-6.678849697113037,"y":4.381810665130615,"z":0.0755593329668045},"rotation":{"x":0.12404800206422806,"y":-0.7105361223220825,"z":0.12951889634132386,"w":0.6804735064506531},"size":10.734049797058106,"orthographic":false}