{"cameraMode":{"drawMode":0,"name":"Shaded","section":"Shading Mode"},"sceneLighting":false,"audioPlay":false,"sceneViewState":{"showFog":true,"showMaterialUpdate":false,"showSkybox":true,"showFlares":true,"showImageEffects":true,"showParticleSystems":true},"in2DMode":false,"pivot":{"x":13.620573997497559,"y":44.9188346862793,"z":35.15531539916992},"rotation":{"x":-0.16899658739566804,"y":0.005023718811571598,"z":-0.000861165055539459,"w":-0.9856293201446533},"size":2.302824020385742,"orthographic":false}