{"cameraMode":{"drawMode":0,"name":"Shaded","section":"Shading Mode"},"sceneLighting":false,"audioPlay":false,"sceneViewState":{"showFog":true,"showMaterialUpdate":false,"showSkybox":false,"showFlares":true,"showImageEffects":true,"showParticleSystems":true},"in2DMode":false,"pivot":{"x":-0.5443284511566162,"y":1.4879255294799805,"z":-2.4884791374206545},"rotation":{"x":-0.5577794313430786,"y":-0.156609907746315,"z":0.10667820274829865,"w":-0.8091984987258911},"size":1.5368883609771729,"orthographic":false}