{"cameraMode":{"drawMode":0,"name":"Shaded","section":"Shading Mode"},"sceneLighting":false,"audioPlay":false,"sceneViewState":{"showFog":true,"showMaterialUpdate":true,"showSkybox":false,"showFlares":true,"showImageEffects":true,"showParticleSystems":true},"in2DMode":false,"pivot":{"x":-0.04930350184440613,"y":0.1375250220298767,"z":0.010645002126693726},"rotation":{"x":-0.15567754209041596,"y":0.008004489354789257,"z":-0.0012459591962397099,"w":-0.9878353476524353},"size":0.32538118958473208,"orthographic":false}