{"cameraMode":{"drawMode":0,"name":"Shaded","section":"Shading Mode"},"sceneLighting":false,"audioPlay":false,"sceneViewState":{"showFog":true,"showMaterialUpdate":false,"showSkybox":false,"showFlares":true,"showImageEffects":true,"showParticleSystems":true},"in2DMode":false,"pivot":{"x":12.88364028930664,"y":11.60661792755127,"z":-1.7277740240097047},"rotation":{"x":-0.12888561189174653,"y":0.844028890132904,"z":-0.23387567698955537,"w":-0.4651578962802887},"size":0.5689204931259155,"orthographic":false}