{"cameraMode":{"drawMode":0,"name":"Shaded","section":"Shading Mode"},"sceneLighting":false,"audioPlay":false,"sceneViewState":{"showFog":true,"showMaterialUpdate":true,"showSkybox":false,"showFlares":true,"showImageEffects":true,"showParticleSystems":true},"in2DMode":false,"pivot":{"x":-0.0049294233322143559,"y":0.20479771494865418,"z":0.24095642566680909},"rotation":{"x":-0.19011002779006959,"y":0.805754542350769,"z":-0.3486466705799103,"w":-0.4396836459636688},"size":2.1384737491607668,"orthographic":false}