{"cameraMode":{"drawMode":0,"name":"Shaded","section":"Shading Mode"},"sceneLighting":false,"audioPlay":false,"sceneViewState":{"showFog":true,"showMaterialUpdate":true,"showSkybox":false,"showFlares":true,"showImageEffects":true,"showParticleSystems":true},"in2DMode":false,"pivot":{"x":6.968017101287842,"y":9.42772102355957,"z":4.5284223556518559},"rotation":{"x":-0.17797794938087464,"y":0.12129723280668259,"z":-0.022098027169704438,"w":-0.976343035697937},"size":10.693862915039063,"orthographic":false}