{"cameraMode":{"drawMode":0,"name":"Shaded","section":"Shading Mode"},"sceneLighting":false,"audioPlay":false,"sceneViewState":{"showFog":true,"showMaterialUpdate":false,"showSkybox":false,"showFlares":true,"showImageEffects":true,"showParticleSystems":true},"in2DMode":false,"pivot":{"x":-1.9474231004714966,"y":9.075460433959961,"z":3.072032928466797},"rotation":{"x":-0.14371396601200105,"y":0.6911670565605164,"z":-0.1432245969772339,"w":-0.6936655044555664},"size":5.894229412078857,"orthographic":false}