{"cameraMode":{"drawMode":0,"name":"Shaded","section":"Shading Mode"},"sceneLighting":false,"audioPlay":false,"sceneViewState":{"showFog":true,"showMaterialUpdate":false,"showSkybox":true,"showFlares":true,"showImageEffects":true,"showParticleSystems":true},"in2DMode":false,"pivot":{"x":16.129093170166017,"y":11.658388137817383,"z":2.18666410446167},"rotation":{"x":0.12373178452253342,"y":0.6580390334129334,"z":-0.1107393205165863,"w":0.7345528602600098},"size":37.729618072509769,"orthographic":false}