{"cameraMode":{"drawMode":0,"name":"Shaded","section":"Shading Mode"},"sceneLighting":false,"audioPlay":false,"sceneViewState":{"showFog":true,"showMaterialUpdate":true,"showSkybox":true,"showFlares":true,"showImageEffects":true,"showParticleSystems":true},"in2DMode":false,"pivot":{"x":-87.31505584716797,"y":8.617749214172364,"z":-24.102907180786134},"rotation":{"x":0.34122517704963686,"y":-0.3694850504398346,"z":0.14864510297775269,"w":0.8516273498535156},"size":10.782100677490235,"orthographic":false}