{"cameraMode":{"drawMode":0,"name":"Shaded","section":"Shading Mode"},"sceneLighting":false,"audioPlay":false,"sceneViewState":{"showFog":true,"showMaterialUpdate":false,"showSkybox":true,"showFlares":true,"showImageEffects":true,"showParticleSystems":true},"in2DMode":false,"pivot":{"x":2.527221202850342,"y":8.256925582885743,"z":2.903059482574463},"rotation":{"x":0.13899002969264985,"y":-0.014296270906925202,"z":0.0016672007041051984,"w":0.9903784394264221},"size":4.332803726196289,"orthographic":false}