{"cameraMode":{"drawMode":0,"name":"Shaded","section":"Shading Mode"},"sceneLighting":false,"audioPlay":false,"sceneViewState":{"showFog":true,"showMaterialUpdate":true,"showSkybox":true,"showFlares":true,"showImageEffects":true,"showParticleSystems":true},"in2DMode":false,"pivot":{"x":19.762195587158204,"y":-17.95499038696289,"z":417.03997802734377},"rotation":{"x":0.05255496874451637,"y":-0.937053918838501,"z":0.3086429834365845,"w":0.15716961026191712},"size":42.92715835571289,"orthographic":false}