{"cameraMode":{"drawMode":0,"name":"Shaded","section":"Shading Mode"},"sceneLighting":false,"audioPlay":false,"sceneViewState":{"showFog":true,"showMaterialUpdate":false,"showSkybox":true,"showFlares":true,"showImageEffects":true,"showParticleSystems":true},"in2DMode":false,"pivot":{"x":-49.43211364746094,"y":-0.7746162414550781,"z":13.333027839660645},"rotation":{"x":0.11440902948379517,"y":-0.6773034334182739,"z":0.10723575204610825,"w":0.7190880179405212},"size":31.12087631225586,"orthographic":false}