{"cameraMode":{"drawMode":0,"name":"Shaded","section":"Shading Mode"},"sceneLighting":false,"audioPlay":false,"sceneViewState":{"showFog":true,"showMaterialUpdate":false,"showSkybox":false,"showFlares":true,"showImageEffects":true,"showParticleSystems":true},"in2DMode":false,"pivot":{"x":2.302912712097168,"y":8.186447143554688,"z":-4.5178046226501469},"rotation":{"x":0.10665973275899887,"y":0.8265866041183472,"z":-0.16739201545715333,"w":0.5266737341880798},"size":9.953913688659668,"orthographic":false}