{"cameraMode":{"drawMode":0,"name":"Shaded","section":"Shading Mode"},"sceneLighting":false,"audioPlay":false,"sceneViewState":{"showFog":true,"showMaterialUpdate":false,"showSkybox":true,"showFlares":true,"showImageEffects":true,"showParticleSystems":true},"in2DMode":false,"pivot":{"x":155.19110107421876,"y":-8.23571491241455,"z":-61.66461944580078},"rotation":{"x":0.033958397805690768,"y":0.824878454208374,"z":-0.04981793463230133,"w":0.5627624988555908},"size":88.98136901855469,"orthographic":false}