{"cameraMode":{"drawMode":0,"name":"Shaded","section":"Shading Mode"},"sceneLighting":false,"audioPlay":false,"sceneViewState":{"showFog":true,"showMaterialUpdate":false,"showSkybox":true,"showFlares":true,"showImageEffects":true,"showParticleSystems":true},"in2DMode":false,"pivot":{"x":387.13031005859377,"y":-251.65719604492188,"z":-143.15267944335938},"rotation":{"x":-0.1578698754310608,"y":-0.7810882329940796,"z":0.21566727757453919,"w":-0.5659278631210327},"size":317.3168640136719,"orthographic":false}