{"cameraMode":{"drawMode":0,"name":"Shaded","section":"Shading Mode"},"sceneLighting":false,"audioPlay":false,"sceneViewState":{"showFog":true,"showMaterialUpdate":true,"showSkybox":false,"showFlares":true,"showImageEffects":true,"showParticleSystems":true},"in2DMode":false,"pivot":{"x":-0.0009110569953918457,"y":0.2047988474369049,"z":0.24095439910888673},"rotation":{"x":-0.19011002779006959,"y":0.805754542350769,"z":-0.3486466705799103,"w":-0.4396836459636688},"size":2.1384739875793459,"orthographic":false}