{"cameraMode":{"drawMode":0,"name":"Shaded","section":"Shading Mode"},"sceneLighting":false,"audioPlay":false,"sceneViewState":{"showFog":true,"showMaterialUpdate":true,"showSkybox":false,"showFlares":true,"showImageEffects":true,"showParticleSystems":true},"in2DMode":false,"pivot":{"x":0.03502398729324341,"y":1.1543724536895753,"z":0.0},"rotation":{"x":-0.17797794938087464,"y":0.12129723280668259,"z":-0.022098027169704438,"w":-0.976343035697937},"size":1.353037714958191,"orthographic":false}