{"cameraMode":{"drawMode":0,"name":"Shaded","section":"Shading Mode"},"sceneLighting":false,"audioPlay":false,"sceneViewState":{"showFog":true,"showMaterialUpdate":true,"showSkybox":true,"showFlares":true,"showImageEffects":true,"showParticleSystems":true},"in2DMode":false,"pivot":{"x":-7.285484313964844,"y":-38.559051513671878,"z":40.691314697265628},"rotation":{"x":0.02722785249352455,"y":-0.9127858281135559,"z":0.4030669331550598,"w":0.06233708932995796},"size":169.69483947753907,"orthographic":false}