{"cameraMode":{"drawMode":0,"name":"Shaded","section":"Shading Mode"},"sceneLighting":false,"audioPlay":false,"sceneViewState":{"showFog":true,"showMaterialUpdate":false,"showSkybox":true,"showFlares":true,"showImageEffects":true,"showParticleSystems":true},"in2DMode":false,"pivot":{"x":-35.87002944946289,"y":-20.084373474121095,"z":-12.856759071350098},"rotation":{"x":-0.26685217022895815,"y":0.6003389358520508,"z":-0.22205376625061036,"w":-0.7213249802589417},"size":50.625038146972659,"orthographic":false}