{"cameraMode":{"drawMode":0,"name":"Shaded","section":"Shading Mode"},"sceneLighting":false,"audioPlay":false,"sceneViewState":{"showFog":true,"showMaterialUpdate":false,"showSkybox":true,"showFlares":true,"showImageEffects":true,"showParticleSystems":true},"in2DMode":false,"pivot":{"x":-26.009456634521486,"y":19.686386108398439,"z":-13.763216018676758},"rotation":{"x":0.1082327663898468,"y":-0.7329391241073608,"z":0.12001654505729675,"w":0.660945475101471},"size":4.225695610046387,"orthographic":false}