{"cameraMode":{"drawMode":0,"name":"Shaded","section":"Shading Mode"},"sceneLighting":false,"audioPlay":false,"sceneViewState":{"showFog":true,"showMaterialUpdate":false,"showSkybox":false,"showFlares":true,"showImageEffects":true,"showParticleSystems":true},"in2DMode":false,"pivot":{"x":52.02311325073242,"y":-40.9122428894043,"z":-63.86249542236328},"rotation":{"x":-0.08772003650665283,"y":-0.9114999175071716,"z":0.26556098461151125,"w":-0.3019077479839325},"size":0.8660253882408142,"orthographic":false}