{"cameraMode":{"drawMode":0,"name":"Shaded","section":"Shading Mode"},"sceneLighting":false,"audioPlay":false,"sceneViewState":{"showFog":true,"showMaterialUpdate":false,"showSkybox":false,"showFlares":true,"showImageEffects":true,"showParticleSystems":true},"in2DMode":false,"pivot":{"x":-8.905206680297852,"y":-4.6474995613098148,"z":-2.603337526321411},"rotation":{"x":-0.194481760263443,"y":0.6445165872573853,"z":-0.17443743348121644,"w":-0.7186094522476196},"size":10.342650413513184,"orthographic":false}