{"cameraMode":{"drawMode":0,"name":"Shaded","section":"Shading Mode"},"sceneLighting":false,"audioPlay":false,"sceneViewState":{"showFog":true,"showMaterialUpdate":false,"showSkybox":true,"showFlares":true,"showImageEffects":true,"showParticleSystems":true},"in2DMode":false,"pivot":{"x":108.50005340576172,"y":182.0,"z":-4.76837158203125e-7},"rotation":{"x":0.03961233049631119,"y":-0.9514023065567017,"z":0.13785113394260407,"w":0.2725421190261841},"size":77.6223373413086,"orthographic":false}