{"cameraMode":{"drawMode":0,"name":"Shaded","section":"Shading Mode"},"sceneLighting":false,"audioPlay":false,"sceneViewState":{"showFog":true,"showMaterialUpdate":true,"showSkybox":true,"showFlares":true,"showImageEffects":true,"showParticleSystems":true},"in2DMode":false,"pivot":{"x":-3.6847991943359377,"y":13.936473846435547,"z":-2.7193031311035158},"rotation":{"x":-0.11644746363162995,"y":0.5691636204719544,"z":-0.08183944970369339,"w":-0.8098582029342651},"size":80.54029846191406,"orthographic":false}