{"cameraMode":{"drawMode":0,"name":"Shaded","section":"Shading Mode"},"sceneLighting":false,"audioPlay":false,"sceneViewState":{"showFog":true,"showMaterialUpdate":false,"showSkybox":false,"showFlares":true,"showImageEffects":true,"showParticleSystems":true},"in2DMode":false,"pivot":{"x":3.1230294704437258,"y":6.7265167236328129,"z":-0.46694251894950869},"rotation":{"x":0.2679177224636078,"y":-0.6506085395812988,"z":0.2642621099948883,"w":0.65964674949646},"size":5.808047771453857,"orthographic":false}